"id","rollNumber","first_name","last_name","gender","email_address","semester","password","GPA","hostelno","roomno","contactno"
79,"iit20190712","ghi","wqeq","male","iit4@gma.com",3,"aWEQ",5.8,,,
80,"iit20190712","ghi","wqeq","male","iit4@gma.com",3,"aWEQ",5.8,,,
81,"iit20190712","ghi","wqeq","male","iit4@gma.com",3,"aWEQ",5.8,,,
82,"iit20190712","ghi","wqeq","male","iit4@gma.com",3,"aWEQ",5.8,,,
83,"iit20190712","ghi","wqeq","male","iit4@gma.com",3,"aWEQ",5.8,,,
84,"iit20190712","ghi","wqeq","male","iit4@gma.com",3,"aWEQ",5.8,,,
85,"iit20190712","ghi","wqeq","male","iit4@gma.com",3,"aWEQ",5.8,,,
86,"iit20190712","ghi","wqeq","male","iit4@gma.com",3,"aWEQ",5.8,,,
87,"iit20190712","ghi","wqeq","male","iit4@gma.com",3,"aWEQ",5.8,,,
88,"iit2019123","ani","abc","male","iit@gma.com",1,"qwer",9,,,
89,"iit2019111","ani","def","female","iit1@gma.com",1,"asdf",8.2,,,
90,"iit2019099","ghi","kla","male","iit2@gma.com",2,"asda",7.4,,,
91,"iit2019087","jkl","ada","female","iit3@gma.com",2,"sdfaera",6.6,,,
92,"iit20191123","ani","def","female","iit1@gma.com",1,"asdf",8.2,,,
93,"iit20190715","ghi","wqeq","male","iit4@gma.com",3,"aWEQ",5.8,,,
94,"iit2019021341","ghi","wqeq","male","iit4@gma.com",3,"aWEQ",5.8,,,
95,"iit2019021342","ghi","wqeq","male","iit4@gma.com",3,"aWEQ",5.8,,,
96,"iit2019021343","ghi","wqeq","male","iit4@gma.com",3,"aWEQ",5.8,,,
97,"iit2019021344","ghi","wqeq","male","iit4@gma.com",3,"aWEQ",5.8,,,
98,"iit2019021345","ghi","wqeq","male","iit4@gma.com",3,"aWEQ",5.8,,,
99,"iit2019021346","ghi","wqeq","male","iit4@gma.com",3,"aWEQ",5.8,,,
100,"iit2019021347","ghi","wqeq","male","iit4@gma.com",3,"aWEQ",5.8,,,
101,"iit2019021348","ghi","wqeq","male","iit4@gma.com",3,"aWEQ",5.8,,,
102,"iit2019021349","ghi","wqeq","male","iit4@gma.com",3,"aWEQ",5.8,,,
103,"iit2019021350","ghi","wqeq","male","iit4@gma.com",3,"aWEQ",5.8,,,
104,"iit2019021351","ghi","wqeq","male","iit4@gma.com",3,"aWEQ",5.8,,,
105,"iit2019021352","ghi","wqeq","male","iit4@gma.com",3,"aWEQ",5.8,,,
106,"iit2019021353","ghi","wqeq","male","iit4@gma.com",3,"aWEQ",5.8,,,
107,"iit2019021354","ghi","wqeq","male","iit4@gma.com",3,"aWEQ",5.8,,,
108,"iit2019021355","ghi","wqeq","male","iit4@gma.com",3,"aWEQ",5.8,,,
109,"iit2019021356","ghi","wqeq","male","iit4@gma.com",3,"aWEQ",5.8,,,
110,"iit2019021357","ghi","wqeq","male","iit4@gma.com",3,"aWEQ",5.8,,,
111,"iit2019021358","ghi","wqeq","male","iit4@gma.com",3,"aWEQ",5.8,,,
112,"iit2019021359","ghi","wqeq","male","iit4@gma.com",3,"aWEQ",5.8,,,
113,"iit2019021360","ghi","wqeq","male","iit4@gma.com",3,"aWEQ",5.8,,,
114,"iit2019021361","ghi","wqeq","male","iit4@gma.com",3,"aWEQ",5.8,,,
115,"iit2019021362","ghi","wqeq","male","iit4@gma.com",3,"aWEQ",5.8,,,
116,"iit2019021363","ghi","wqeq","male","iit4@gma.com",3,"aWEQ",5.8,,,
117,"iit2019021364","ghi","wqeq","male","iit4@gma.com",3,"aWEQ",5.8,,,
118,"iit2019021365","ghi","wqeq","male","iit4@gma.com",3,"aWEQ",5.8,,,
119,"iit2019021366","ghi","wqeq","male","iit4@gma.com",3,"aWEQ",5.8,,,
120,"iit2019021367","ghi","wqeq","male","iit4@gma.com",3,"aWEQ",5.8,,,
121,"iit2019021368","ghi","wqeq","male","iit4@gma.com",3,"aWEQ",5.8,,,
122,"iit2019021369","ghi","wqeq","male","iit4@gma.com",3,"aWEQ",5.8,,,
123,"iit2019021370","ghi","wqeq","male","iit4@gma.com",3,"aWEQ",5.8,,,
124,"iit2019021371","ghi","wqeq","male","iit4@gma.com",3,"aWEQ",5.8,,,
125,"iit2019021372","ghi","wqeq","male","iit4@gma.com",3,"aWEQ",5.8,,,
126,"iit2019021373","ghi","wqeq","male","iit4@gma.com",3,"aWEQ",5.8,,,
127,"iit2019021374","ghi","wqeq","male","iit4@gma.com",3,"aWEQ",5.8,,,
128,"iit2019021375","ghi","wqeq","male","iit4@gma.com",3,"aWEQ",5.8,,,
129,"iit2019021376","ghi","wqeq","male","iit4@gma.com",3,"aWEQ",5.8,,,
130,"iit2019021377","ghi","wqeq","male","iit4@gma.com",3,"aWEQ",5.8,,,
131,"iit2019021378","ghi","wqeq","male","iit4@gma.com",3,"aWEQ",5.8,,,
132,"iit2019021379","ghi","wqeq","male","iit4@gma.com",3,"aWEQ",5.8,,,
133,"iit2019021380","ghi","wqeq","male","iit4@gma.com",3,"aWEQ",5.8,,,
134,"iit2019021381","ghi","wqeq","male","iit4@gma.com",3,"aWEQ",5.8,,,
135,"iit2019021382","ghi","wqeq","male","iit4@gma.com",3,"aWEQ",5.8,,,
136,"iit2019021383","ghi","wqeq","male","iit4@gma.com",3,"aWEQ",5.8,,,
137,"iit2019021384","ghi","wqeq","male","iit4@gma.com",3,"aWEQ",5.8,,,
138,"iit2019021385","ghi","wqeq","male","iit4@gma.com",3,"aWEQ",5.8,,,
139,"iit2019021386","ghi","wqeq","male","iit4@gma.com",3,"aWEQ",5.8,,,
140,"iit2019021387","ghi","wqeq","male","iit4@gma.com",3,"aWEQ",5.8,,,
141,"iit2019021388","ghi","wqeq","male","iit4@gma.com",3,"aWEQ",5.8,,,
142,"iit2019021389","ghi","wqeq","male","iit4@gma.com",3,"aWEQ",5.8,,,
143,"iit2019021390","ghi","wqeq","male","iit4@gma.com",3,"aWEQ",5.8,,,
144,"iit2019021391","ghi","wqeq","male","iit4@gma.com",3,"aWEQ",5.8,,,
145,"iit2019021392","ghi","wqeq","male","iit4@gma.com",3,"aWEQ",5.8,,,
146,"iit2019021393","ghi","wqeq","male","iit4@gma.com",3,"aWEQ",5.8,,,
147,"iit2019021394","ghi","wqeq","male","iit4@gma.com",3,"aWEQ",5.8,,,
148,"iit2019021395","ghi","wqeq","male","iit4@gma.com",3,"aWEQ",5.8,,,
149,"iit2019021396","ghi","wqeq","male","iit4@gma.com",3,"aWEQ",5.8,,,
150,"iit2019021397","ghi","wqeq","male","iit4@gma.com",3,"aWEQ",5.8,,,
151,"iit2019021398","ghi","wqeq","male","iit4@gma.com",3,"aWEQ",5.8,,,
152,"iit2019021399","ghi","wqeq","male","iit4@gma.com",3,"aWEQ",5.8,,,
153,"iit2019021400","ghi","wqeq","male","iit4@gma.com",3,"aWEQ",5.8,,,
154,"iit2019021401","ghi","wqeq","male","iit4@gma.com",3,"aWEQ",5.8,,,
155,"iit2019021402","ghi","wqeq","male","iit4@gma.com",3,"aWEQ",5.8,,,
156,"iit20191124","ani","def","female","iit1@gma.com",1,"asdf",8.2,,,
157,"iit20191125","ani","def","female","iit1@gma.com",1,"asdf",8.2,,,
158,"iit20191126","ani","def","female","iit1@gma.com",1,"asdf",8.2,,,
159,"iit20191127","ani","def","female","iit1@gma.com",1,"asdf",8.2,,,
160,"iit20191128","ani","def","female","iit1@gma.com",1,"asdf",8.2,,,
161,"iit20191129","ani","def","female","iit1@gma.com",1,"asdf",8.2,,,
162,"iit20191130","ani","def","female","iit1@gma.com",1,"asdf",8.2,,,
163,"iit20191131","ani","def","female","iit1@gma.com",1,"asdf",8.2,,,
164,"iit20191132","ani","def","female","iit1@gma.com",1,"asdf",8.2,,,
165,"iit20191133","ani","def","female","iit1@gma.com",1,"asdf",8.2,,,
166,"iit20191134","ani","def","female","iit1@gma.com",1,"asdf",8.2,,,
167,"iit20191135","ani","def","female","iit1@gma.com",1,"asdf",8.2,,,
168,"iit20191136","ani","def","female","iit1@gma.com",1,"asdf",8.2,,,
169,"iit20191137","ani","def","female","iit1@gma.com",1,"asdf",8.2,,,
170,"iit20191138","ani","def","female","iit1@gma.com",1,"asdf",8.2,,,
171,"iit20191139","ani","def","female","iit1@gma.com",1,"asdf",8.2,,,
172,"iit20191140","ani","def","female","iit1@gma.com",1,"asdf",8.2,,,
173,"iit20191141","ani","def","female","iit1@gma.com",1,"asdf",8.2,,,
174,"iit20191142","ani","def","female","iit1@gma.com",1,"asdf",8.2,,,
175,"iit20191143","ani","def","female","iit1@gma.com",1,"asdf",8.2,,,
176,"iit20191144","ani","def","female","iit1@gma.com",1,"asdf",8.2,,,
177,"iit20191145","ani","def","female","iit1@gma.com",1,"asdf",8.2,,,
178,"iit20191146","ani","def","female","iit1@gma.com",1,"asdf",8.2,,,
179,"iit20191147","ani","def","female","iit1@gma.com",1,"asdf",8.2,,,
180,"iit20191148","ani","def","female","iit1@gma.com",1,"asdf",8.2,,,
181,"iit20191149","ani","def","female","iit1@gma.com",1,"asdf",8.2,,,
182,"iit20191150","ani","def","female","iit1@gma.com",1,"asdf",8.2,,,
183,"iit20191151","ani","def","female","iit1@gma.com",1,"asdf",8.2,,,
184,"iit20191152","ani","def","female","iit1@gma.com",1,"asdf",8.2,,,
185,"iit20191153","ani","def","female","iit1@gma.com",1,"asdf",8.2,,,
186,"iit20191154","ani","def","female","iit1@gma.com",1,"asdf",8.2,,,
187,"iit20191155","ani","def","female","iit1@gma.com",1,"asdf",8.2,,,
188,"iit20191156","ani","def","female","iit1@gma.com",1,"asdf",8.2,,,
189,"iit20191157","ani","def","female","iit1@gma.com",1,"asdf",8.2,,,
190,"iit20191158","ani","def","female","iit1@gma.com",1,"asdf",8.2,,,
191,"iit20191159","ani","def","female","iit1@gma.com",1,"asdf",8.2,,,
192,"iit20191160","ani","def","female","iit1@gma.com",1,"asdf",8.2,,,
193,"iit20191161","ani","def","female","iit1@gma.com",1,"asdf",8.2,,,
194,"iit20191162","ani","def","female","iit1@gma.com",1,"asdf",8.2,,,
195,"iit20191163","ani","def","female","iit1@gma.com",1,"asdf",8.2,,,
196,"iit20191164","ani","def","female","iit1@gma.com",1,"asdf",8.2,,,
197,"iit20191165","ani","def","female","iit1@gma.com",1,"asdf",8.2,,,
198,"iit20191166","ani","def","female","iit1@gma.com",1,"asdf",8.2,,,
199,"iit20191167","ani","def","female","iit1@gma.com",1,"asdf",8.2,,,
200,"iit20191168","ani","def","female","iit1@gma.com",1,"asdf",8.2,,,
201,"iit20191169","ani","def","female","iit1@gma.com",1,"asdf",8.2,,,
202,"iit20191170","ani","def","female","iit1@gma.com",1,"asdf",8.2,,,
203,"iit20191171","ani","def","female","iit1@gma.com",1,"asdf",8.2,,,
204,"iit20191172","ani","def","female","iit1@gma.com",1,"asdf",8.2,,,
205,"iit20191173","ani","def","female","iit1@gma.com",1,"asdf",8.2,,,
206,"iit20191174","ani","def","female","iit1@gma.com",1,"asdf",8.2,,,
207,"iit20191175","ani","def","female","iit1@gma.com",1,"asdf",8.2,,,
208,"iit20191176","ani","def","female","iit1@gma.com",1,"asdf",8.2,,,
209,"iit20191177","ani","def","female","iit1@gma.com",1,"asdf",8.2,,,
210,"iit201911232312","ani","def","female","iit1@gma.com",1,"asdf",8.2,,,
211,"iit2232312","ani","def","female","iit1@gma.com",1,"asdf",8.2,,,
212,"iit2232313","ani","def","female","iit1@gma.com",1,"asdf",8.2,,,
213,"iit2232314","ani","def","female","iit1@gma.com",1,"asdf",8.2,,,
214,"iit2232315","ani","def","female","iit1@gma.com",1,"asdf",8.2,,,
215,"iit2232316","ani","def","female","iit1@gma.com",1,"asdf",8.2,,,
216,"iit2232317","ani","def","female","iit1@gma.com",1,"asdf",8.2,,,
217,"iit2232318","ani","def","female","iit1@gma.com",1,"asdf",8.2,,,
218,"iit2232319","ani","def","female","iit1@gma.com",1,"asdf",8.2,,,
219,"iit2232320","ani","def","female","iit1@gma.com",1,"asdf",8.2,,,
220,"iit2232364","ani","def","female","iit1@gma.com",1,"asdf",8.2,,,
221,"iit2232303","ani","def","female","iit1@gma.com",1,"asdf",8.2,,,
222,"iit2232312312","ani","def","female","iit1@gma.com",1,"asdf",8.2,,,
223,"iit11111111","ani","def","female","iit1@gma.com",1,"asdf",8.2,,,
224,"1","asd","sd","male","a@b.com",1,"a",9,,,